{
	"class_name" : "PinholeCameraParameters",
	"extrinsic" : 
	[
		0.0,
		-1.0,
		-0.0,
		0.0,
		-1.0,
		-0.0,
		-0.0,
		0.0,
		0.0,
		0.0,
		-1.0,
		0.0,
		-0.97309112548828125,
		-1.8535848557949066,
		12.794099992021104,
		1.0
	],
	"intrinsic" : 
	{
		"height" : 600,
		"intrinsic_matrix" : 
		[
			519.6152422706632,
			0.0,
			0.0,
			0.0,
			519.6152422706632,
			0.0,
			399.5,
			299.5,
			1.0
		],
		"width" : 800
	},
	"version_major" : 1,
	"version_minor" : 0
}